quarter,country,youth_unemployment_pct
2015-Q1,Spain,47.8
2015-Q2,Spain,47.5
2015-Q3,Spain,46.1
2015-Q4,Spain,45.3
2016-Q1,Spain,44.0
2016-Q2,Spain,43.7
2016-Q3,Spain,43.8
2016-Q4,Spain,42.6
2017-Q1,Spain,42.2
2017-Q2,Spain,41.0
2017-Q3,Spain,40.3
2017-Q4,Spain,39.5
2018-Q1,Spain,37.6
2018-Q2,Spain,38.5
2018-Q3,Spain,37.6
2018-Q4,Spain,37.0
2019-Q1,Spain,35.0
2019-Q2,Spain,34.3
2019-Q3,Spain,34.3
2019-Q4,Spain,33.9
2020-Q1,Spain,33.8
2020-Q2,Spain,38.6
2020-Q3,Spain,40.7
2020-Q4,Spain,37.4
2021-Q1,Spain,35.5
2021-Q2,Spain,31.3
2021-Q3,Spain,30.3
2021-Q4,Spain,31.1
2022-Q1,Spain,30.1
2022-Q2,Spain,30.0
2022-Q3,Spain,28.7
2022-Q4,Spain,28.3
2023-Q1,Spain,28.2
2023-Q2,Spain,28.0
2023-Q3,Spain,28.1
2023-Q4,Spain,27.7
2024-Q1,Spain,27.1
2024-Q2,Spain,26.7
2024-Q3,Spain,26.8
2024-Q4,Spain,27.6
2015-Q1,Italy,39.5
2015-Q2,Italy,39.4
2015-Q3,Italy,38.7
2015-Q4,Italy,36.8
2016-Q1,Italy,37.0
2016-Q2,Italy,37.1
2016-Q3,Italy,34.3
2016-Q4,Italy,34.7
2017-Q1,Italy,34.1
2017-Q2,Italy,33.0
2017-Q3,Italy,33.1
2017-Q4,Italy,32.1
2018-Q1,Italy,30.7
2018-Q2,Italy,31.4
2018-Q3,Italy,30.7
2018-Q4,Italy,30.3
2019-Q1,Italy,29.9
2019-Q2,Italy,28.8
2019-Q3,Italy,28.1
2019-Q4,Italy,26.8
2020-Q1,Italy,27.3
2020-Q2,Italy,30.6
2020-Q3,Italy,32.0
2020-Q4,Italy,29.5
2021-Q1,Italy,27.6
2021-Q2,Italy,24.4
2021-Q3,Italy,24.9
2021-Q4,Italy,22.9
2022-Q1,Italy,22.8
2022-Q2,Italy,23.3
2022-Q3,Italy,23.5
2022-Q4,Italy,22.8
2023-Q1,Italy,21.3
2023-Q2,Italy,20.8
2023-Q3,Italy,21.9
2023-Q4,Italy,21.2
2024-Q1,Italy,20.8
2024-Q2,Italy,21.6
2024-Q3,Italy,21.6
2024-Q4,Italy,21.1
2015-Q1,France,24.1
2015-Q2,France,23.9
2015-Q3,France,24.2
2015-Q4,France,23.5
2016-Q1,France,23.2
2016-Q2,France,23.0
2016-Q3,France,21.7
2016-Q4,France,22.8
2017-Q1,France,22.5
2017-Q2,France,22.0
2017-Q3,France,20.6
2017-Q4,France,21.0
2018-Q1,France,21.5
2018-Q2,France,20.1
2018-Q3,France,20.6
2018-Q4,France,21.0
2019-Q1,France,19.7
2019-Q2,France,20.8
2019-Q3,France,20.2
2019-Q4,France,19.7
2020-Q1,France,19.7
2020-Q2,France,21.9
2020-Q3,France,22.4
2020-Q4,France,21.9
2021-Q1,France,20.1
2021-Q2,France,18.6
2021-Q3,France,19.1
2021-Q4,France,18.5
2022-Q1,France,18.0
2022-Q2,France,18.6
2022-Q3,France,18.8
2022-Q4,France,17.8
2023-Q1,France,17.3
2023-Q2,France,17.8
2023-Q3,France,17.7
2023-Q4,France,17.5
2024-Q1,France,18.2
2024-Q2,France,17.1
2024-Q3,France,18.1
2024-Q4,France,17.0
2015-Q1,Germany,6.9
2015-Q2,Germany,7.4
2015-Q3,Germany,7.5
2015-Q4,Germany,7.3
2016-Q1,Germany,7.1
2016-Q2,Germany,7.0
2016-Q3,Germany,7.0
2016-Q4,Germany,7.1
2017-Q1,Germany,6.8
2017-Q2,Germany,6.9
2017-Q3,Germany,6.9
2017-Q4,Germany,6.7
2018-Q1,Germany,6.9
2018-Q2,Germany,6.8
2018-Q3,Germany,7.2
2018-Q4,Germany,6.7
2019-Q1,Germany,6.4
2019-Q2,Germany,6.4
2019-Q3,Germany,6.4
2019-Q4,Germany,6.7
2020-Q1,Germany,6.3
2020-Q2,Germany,7.2
2020-Q3,Germany,7.9
2020-Q4,Germany,6.2
2021-Q1,Germany,6.4
2021-Q2,Germany,6.3
2021-Q3,Germany,6.3
2021-Q4,Germany,6.3
2022-Q1,Germany,6.0
2022-Q2,Germany,6.3
2022-Q3,Germany,6.2
2022-Q4,Germany,5.9
2023-Q1,Germany,6.8
2023-Q2,Germany,6.2
2023-Q3,Germany,5.9
2023-Q4,Germany,6.0
2024-Q1,Germany,5.9
2024-Q2,Germany,6.0
2024-Q3,Germany,5.2
2024-Q4,Germany,5.8
2015-Q1,EU27,21.0
2015-Q2,EU27,19.7
2015-Q3,EU27,20.0
2015-Q4,EU27,20.2
2016-Q1,EU27,19.9
2016-Q2,EU27,20.0
2016-Q3,EU27,18.4
2016-Q4,EU27,18.7
2017-Q1,EU27,18.5
2017-Q2,EU27,18.7
2017-Q3,EU27,18.7
2017-Q4,EU27,16.9
2018-Q1,EU27,18.3
2018-Q2,EU27,17.1
2018-Q3,EU27,17.8
2018-Q4,EU27,16.7
2019-Q1,EU27,17.2
2019-Q2,EU27,17.5
2019-Q3,EU27,16.7
2019-Q4,EU27,16.7
2020-Q1,EU27,16.8
2020-Q2,EU27,18.2
2020-Q3,EU27,18.7
2020-Q4,EU27,18.6
2021-Q1,EU27,17.6
2021-Q2,EU27,15.6
2021-Q3,EU27,16.7
2021-Q4,EU27,15.0
2022-Q1,EU27,15.7
2022-Q2,EU27,15.2
2022-Q3,EU27,15.2
2022-Q4,EU27,15.4
2023-Q1,EU27,15.1
2023-Q2,EU27,15.2
2023-Q3,EU27,14.2
2023-Q4,EU27,14.2
2024-Q1,EU27,14.9
2024-Q2,EU27,14.3
2024-Q3,EU27,14.2
2024-Q4,EU27,14.0
